{
    "Q": [
        "N0",
        "N1",
        "N2",
        "N3",
        "N4",
        "N5"
    ],
    "V": [
        "0",
        "1"
    ],
    "q0": "N0",
    "F": [
        "N3",
        "N4",
        "N5"
    ],
    "delta": {
        "N0": {
            "0": "N1",
            "1": "N2"
        },
        "N2": {
            "0": "N1",
            "1": "N3"
        },
        "N3": {
            "0": "N4",
            "1": "N3"
        },
        "N4": {
            "0": "N5",
            "1": "N5"
        },
        "N5": {
            "0": "N5",
            "1": "N5"
        },
        "N1": {
            "1": "N5"
        }
    }
}