{
    "Q": [
        "q0",
        "q1",
        "q2"
    ],
    "V": [
        "0",
        "1"
    ],
    "q0": "q0",
    "F": [
        "q2"
    ],
    "delta": {
        "q0": {
            "0": [
                "q1"
            ],
            "1": [
                "q0",
                "q1"
            ]
        },
        "q1": {
            "0": [],
            "1": [
                "q2"
            ]
        },
        "q2": {
            "0": [
                "q2"
            ],
            "1": [
                "q2"
            ]
        }
    }
}