{
    "Q": "",
    "V": "",
    "q0": "q1",
    "F": [
        "q5",
        "q6"
    ],
    "delta": {
        "q1": {
            "a": "q2",
            "b": "q3"
        },
        "q2": {
            "a": "q1",
            "ε": "q4"
        },
        "q3": {
            "b": "q1",
            "ε": "q4"
        },
        "q4": {
            "c": "q5",
            "d": "q6"
        },
        "q5": {
            "d": "q5"
        },
        "q6": {
            "c": "q6"
        }
    }
}