{
    "Q": [
        "q8",
        "q0",
        "q1",
        "q2",
        "q3"
    ],
    "Sigma": [
        "a"
    ],
    "delta": {
        "": [
            "q4",
            "q7"
        ],
        "q0": {
            "a": [
                "q1"
            ]
        },
        "q2": {
            "a": [
                "q3"
            ]
        },
        "q3": {
            "": [
                "q6"
            ]
        },
        "q4": {
            "b": [
                "q5"
            ]
        }
    },
    "q0": "q8",
    "F": [
        "q1",
        "q7"
    ]
}